Date,Open,High,Low,Volume,Close
2023-01-03 00:00:00-05:00,98.08781242530476,98.33359726976111,94.49935969684867,5921500,95.09907531738281
2023-01-04 00:00:00-05:00,96.56395596305778,97.9403526644731,95.55132355082092,6289500,97.63557434082031
2023-01-05 00:00:00-05:00,96.19035187239444,97.56674848356265,95.7184491776133,4557100,96.26900482177734
2023-01-06 00:00:00-05:00,98.31393082706458,103.09198846532054,96.91787480950211,7241700,102.51193237304688
2023-01-09 00:00:00-05:00,103.77035792656433,106.92623423455771,102.40379487577225,6212300,104.69450378417969
2023-01-10 00:00:00-05:00,104.35040989652863,106.3658485621607,104.07513207894644,4638800,106.21837615966797
2023-01-11 00:00:00-05:00,104.88130686056111,108.33212810238813,104.7338344569217,5532600,108.20431518554688
2023-01-12 00:00:00-05:00,108.71555485860695,110.00346505111649,105.4220394230946,5330900,108.34195709228516
2023-01-13 00:00:00-05:00,105.71697464792298,108.34195495054284,105.6284957054958,5641600,108.11583709716797
2023-01-17 00:00:00-05:00,107.5652847290039,108.76470848939371,105.96276271583525,4848100,107.5652847290039
2023-01-18 00:00:00-05:00,108.89251271911952,110.49502710361398,107.73240802643562,5374100,107.85037994384766
2023-01-19 00:00:00-05:00,107.64394317699401,107.79141560409425,104.3012673326783,5325100,104.3700942993164
2023-01-20 00:00:00-05:00,104.99928573285796,107.92903679969015,104.6945074333997,5078500,107.80123138427734
2023-01-23 00:00:00-05:00,106.70011202647895,112.97254585475092,106.67061904621879,7669300,112.23519134521484
2023-01-24 00:00:00-05:00,111.55681769660244,112.14669977711442,110.57367839549659,3504700,111.08490753173828
2023-01-25 00:00:00-05:00,109.11862569606656,112.51046068482769,107.56527134692489,5957600,112.02871704101562
2023-01-26 00:00:00-05:00,112.47115128645869,113.80822149936358,110.3770595187981,5813000,113.63125610351562
2023-01-27 00:00:00-05:00,110.72115171964126,111.96973534218657,108.8335185451071,8705700,110.6031723022461
2023-01-30 00:00:00-05:00,108.82369369321336,109.09897150259643,106.14955354362169,7351700,106.37567138671875
2023-01-31 00:00:00-05:00,107.12286519024354,109.67902606008889,106.77876790981867,6577100,109.6102066040039
2023-02-01 00:00:00-05:00,110.21976203484071,118.10453695863445,110.02313714925569,9886400,117.00342559814453
2023-02-02 00:00:00-05:00,118.28149667322127,122.81376982526156,118.27167067994512,11206500,122.16490173339844
2023-02-03 00:00:00-05:00,120.84748633778868,121.58484084562693,117.59329751010506,6156900,117.95706176757812
2023-02-06 00:00:00-05:00,116.21691004570754,117.42617483376088,114.93883329897935,5331000,115.70568084716797
2023-02-07 00:00:00-05:00,115.41073709948688,119.2449823770322,114.78152846428297,4935300,118.48796081542969
2023-02-08 00:00:00-05:00,117.14105311499735,117.3573449685409,113.52310006681233,6460500,113.99500274658203
2023-02-09 00:00:00-05:00,116.36439007827929,117.54415446031652,113.13969376666908,5512200,114.12283325195312
2023-02-10 00:00:00-05:00,112.8644080148705,113.03153991549401,111.06526108248761,4374400,112.83490753173828
2023-02-13 00:00:00-05:00,113.22816115970626,114.7520302066174,112.61861954154838,4198200,114.56523132324219
2023-02-14 00:00:00-05:00,112.93320920319115,117.0034051289605,111.9304029601713,4870700,116.4430160522461
2023-02-15 00:00:00-05:00,115.02731675801695,117.56381836363225,114.03434380373955,4980000,117.44583892822266
2023-02-16 00:00:00-05:00,114.90933365546154,116.08910546963058,113.19867315078876,9117600,113.4444580078125
2023-02-17 00:00:00-05:00,114.81101738615136,115.42056651152703,111.46834194188831,9287100,113.49361419677734
2023-02-21 00:00:00-05:00,111.72394927355526,112.89388743892971,109.05964267490015,7583900,109.40373992919922
2023-02-22 00:00:00-05:00,109.50229798440184,110.74394926712287,107.88617399753446,5089200,108.8026351928711
2023-02-23 00:00:00-05:00,110.90161918517639,112.3009447129434,108.30991000191854,7136100,111.2662353515625
2023-02-24 00:00:00-05:00,109.39390137628415,110.4680293791049,108.77306820187891,5808400,109.68952941894531
2023-02-27 00:00:00-05:00,111.85749988973352,112.23196506401204,109.8669032600825,5362700,110.43846130371094
2023-02-28 00:00:00-05:00,114.44921177506053,116.35111477845147,113.1779909317068,13010900,114.45906829833984
2023-03-01 00:00:00-05:00,115.98649913916124,117.58291759322886,115.23756876959074,6756800,115.55290985107422
2023-03-02 00:00:00-05:00,113.76926034159887,117.35626812982626,112.27139201440518,6502200,116.7255859375
2023-03-03 00:00:00-05:00,117.0212227810798,117.40554451127377,115.2474243968577,7232400,117.22816467285156
2023-03-06 00:00:00-05:00,118.10519635117137,119.73117679902043,116.49892894927092,5775700,116.81427001953125
2023-03-07 00:00:00-05:00,116.60733020252202,116.99165190372884,113.97620239631398,5225900,114.67586517333984
2023-03-08 00:00:00-05:00,114.92223034959366,117.36612190810767,114.92223034959366,4474900,116.92267608642578
2023-03-09 00:00:00-05:00,116.96209350333699,119.19904315501186,115.1488766220385,5701400,115.33611297607422
2023-03-10 00:00:00-05:00,116.61717772908766,116.89310774546534,112.26152682507373,7009600,112.72468566894531
2023-03-13 00:00:00-04:00,112.13342844073122,115.61203695052464,110.29064948405038,8221300,114.15357971191406
2023-03-14 00:00:00-04:00,117.05077925359421,119.47496525089902,116.16388010376942,8322400,118.58806610107422
2023-03-15 00:00:00-04:00,116.79456089788171,117.10005297375643,114.01561527336357,9517700,116.7551498413086
2023-03-16 00:00:00-04:00,116.48907294099719,121.63308028098587,115.1981466036532,6787700,121.04181671142578
2023-03-17 00:00:00-04:00,121.84987185685159,122.57909663454632,119.84942634068133,13761500,120.81515502929688
2023-03-20 00:00:00-04:00,121.20933916859406,122.94371880979575,120.64763765366769,4974700,122.23419952392578
2023-03-21 00:00:00-04:00,122.0765193034143,123.79119333379678,116.68615933373394,10090100,118.64718627929688
2023-03-22 00:00:00-04:00,118.51909256568369,121.93857712009071,116.96210009651828,8342500,117.12962341308594
2023-03-23 00:00:00-04:00,119.50451928496224,123.17036384607049,118.42053484938133,6182200,120.99253845214844
2023-03-24 00:00:00-04:00,119.86913873541948,120.3421541026872,116.33140631807717,6354500,117.78985595703125
2023-03-27 00:00:00-04:00,118.99210089400687,119.21875582282014,116.59747694795351,4628200,117.13947296142578
2023-03-28 00:00:00-04:00,117.15917709794522,117.32670040254644,113.89736708741529,5523800,114.70542907714844
2023-03-29 00:00:00-04:00,116.99164760337581,119.24831014857517,115.65144620082664,7865300,118.10519409179688
2023-03-30 00:00:00-04:00,120.22389907981167,121.58380605133085,119.57350388583018,6213800,120.3322982788086
2023-03-31 00:00:00-04:00,119.75088285575758,121.72176643317398,119.23845643369197,5016500,121.04181671142578
2023-04-03 00:00:00-04:00,119.85928074343649,120.6574936960229,118.844276915097,5146800,120.53923797607422
2023-04-04 00:00:00-04:00,121.15022255123776,121.17978460358776,117.65190100221216,4772200,118.37127685546875
2023-04-05 00:00:00-04:00,117.84898735240057,117.94753755216038,113.96635157191784,6691700,115.6120376586914
2023-04-06 00:00:00-04:00,112.51774749278908,113.61158851624822,110.24137929072113,6275000,112.7838134765625
2023-04-10 00:00:00-04:00,110.83264842929015,115.01091985701025,110.81293538160914,4096500,114.8039779663086
2023-04-11 00:00:00-04:00,115.62188894874976,116.11460985194736,114.39008669075572,3373000,114.68571472167969
2023-04-12 00:00:00-04:00,116.01607272988745,116.08505335890499,111.22682472002883,5838900,111.51260375976562
2023-04-13 00:00:00-04:00,111.87721645366659,112.25168918320931,109.89647615167343,5299500,111.8180923461914
2023-04-14 00:00:00-04:00,111.70968048924017,113.37507949893539,109.7486534573149,5211600,111.25637817382812
2023-04-17 00:00:00-04:00,107.62995156716565,110.33991644083021,107.41315317434064,6952200,110.16253662109375
2023-04-18 00:00:00-04:00,110.86220508775793,111.93633306603469,108.9208834935115,5055000,109.65010833740234
2023-04-19 00:00:00-04:00,108.25077821024877,108.99971606943119,107.53140991990804,6796800,108.733642578125
2023-04-20 00:00:00-04:00,109.63039905221831,114.6364451459219,109.63039905221831,8699500,112.72468566894531
2023-04-21 00:00:00-04:00,111.81808406235314,112.4389096998247,110.57642526908562,4516800,111.8082275390625
2023-04-24 00:00:00-04:00,111.83779133174984,112.28124466684004,110.90162459932252,3218100,111.95604705810547
2023-04-25 00:00:00-04:00,110.86220210632263,112.00531819905902,108.81248136520347,6282600,108.99971771240234
2023-04-26 00:00:00-04:00,109.54171787727854,109.87676449204596,108.22122191017722,6245800,108.70408630371094
2023-04-27 00:00:00-04:00,109.67967301415634,110.54685907311229,107.5609716855618,9447000,110.05413818359375
2023-04-28 00:00:00-04:00,110.07385150349656,111.61114590008344,109.50230094511998,8063500,111.38449096679688
2023-05-01 00:00:00-04:00,111.6505517968867,112.77395477547459,110.46801720162526,4171600,111.3056411743164
2023-05-02 00:00:00-04:00,111.27609103150836,111.7392499003354,109.58112985976878,4850200,110.52716064453125
2023-05-03 00:00:00-04:00,110.31035638107862,113.59187182793002,110.26108128424778,5624100,111.64070129394531
2023-05-04 00:00:00-04:00,111.40420601002086,111.7589656834105,110.09356652323831,3579600,110.81293487548828
2023-05-05 00:00:00-04:00,112.0447332625207,114.92222912515413,111.32536493560572,4874200,114.37037658691406
2023-05-08 00:00:00-04:00,115.16858551970313,115.87809729813668,113.25682602769727,3247600,114.06488800048828
2023-05-09 00:00:00-04:00,112.41920493207442,112.74440253794612,111.21696470551203,3173700,112.18269348144531
2023-05-10 00:00:00-04:00,113.83822718545176,114.54774644547611,112.47832028262097,4101000,113.7298355102539
2023-05-11 00:00:00-04:00,113.62143174725753,114.15356365255136,112.25166837692376,3630400,113.77909851074219
2023-05-12 00:00:00-04:00,115.01090947275276,115.36566911573169,113.31594840481434,3838200,114.39993286132812
2023-05-15 00:00:00-04:00,114.99121162992844,119.49468057380918,114.33095987795113,5859200,119.34686279296875
2023-05-16 00:00:00-04:00,119.07094366174798,121.27833135849126,118.68662193163765,5080700,119.15962982177734
2023-05-17 00:00:00-04:00,120.47026200628196,124.46130436842105,120.10564582776432,7349600,123.87003326416016
2023-05-18 00:00:00-04:00,123.97844340681861,130.13745530038244,123.92917582266514,10891200,128.0286102294922
2023-05-19 00:00:00-04:00,126.43218193120936,126.45189497684476,123.42658152935259,10255500,125.1018295288086
2023-05-22 00:00:00-04:00,125.37777289396317,125.70296299834445,123.82077292918068,4709100,124.70767211914062
2023-05-23 00:00:00-04:00,124.05727050765461,124.88504554858106,122.38202241572706,4604500,122.67765045166016
2023-05-24 00:00:00-04:00,120.45469437866778,121.14628590367796,118.73560879756843,6315600,120.26698303222656
2023-05-25 00:00:00-04:00,125.64157532309524,129.15878620497224,124.61407390573478,9575700,128.90191650390625
2023-05-26 00:00:00-04:00,129.19832880469696,135.04717674356385,128.42770453718606,9083800,134.42474365234375
2023-05-30 00:00:00-04:00,136.34144088903864,137.13182906869292,133.86161286233153,7753800,134.9286346435547
2023-05-31 00:00:00-04:00,131.99433447690396,134.1184886724957,130.57163870433592,11368600,131.69793701171875
2023-06-01 00:00:00-04:00,132.12276325782852,134.55320440830266,130.1072876083682,5007000,133.2095489501953
2023-06-02 00:00:00-04:00,133.51579742833624,133.7035162946398,130.78897436231324,5327400,133.01193237304688
2023-06-05 00:00:00-04:00,133.19966821105933,133.52568882782273,131.44104733579195,3798300,132.1227569580078
2023-06-06 00:00:00-04:00,129.82076449196475,133.7233035200363,129.17858254009047,5468900,132.3302459716797
2023-06-07 00:00:00-04:00,133.64425971231572,135.39297608667653,131.97456859041097,4835700,133.3873748779297
2023-06-08 00:00:00-04:00,134.21729534767488,135.11634707240086,132.53771470553707,4507000,134.56307983398438
2023-06-09 00:00:00-04:00,136.13398207742569,136.32170099907012,134.18767213694193,3675200,134.4840545654297
2023-06-12 00:00:00-04:00,136.08457859353683,138.54464290480013,135.18551180147927,5931900,138.32728576660156
2023-06-13 00:00:00-04:00,139.79936849121788,140.81698813003365,137.73449097753544,6859500,140.08587646484375
2023-06-14 00:00:00-04:00,136.7465194540216,139.66106178765884,136.56867494946766,6474600,139.4733428955078
2023-06-15 00:00:00-04:00,137.0231545265407,139.73021414639032,136.27227894990415,5524400,138.42608642578125
2023-06-16 00:00:00-04:00,139.19668868329927,139.25596515090885,136.4698656454685,8846900,137.26023864746094
2023-06-20 00:00:00-04:00,137.4380842029356,138.63354825222714,135.62020216346644,3840000,136.8551788330078
2023-06-21 00:00:00-04:00,136.86506610424212,137.4874992284169,134.2370318859488,4715300,135.0274200439453
2023-06-22 00:00:00-04:00,133.37749598786766,137.922216696133,133.37749598786766,3763600,137.25038146972656
2023-06-23 00:00:00-04:00,134.90887349356942,135.14597939943098,133.21941853730098,6955400,134.4346466064453
2023-06-26 00:00:00-04:00,134.8298319197035,139.17694434151178,134.8298319197035,7256100,138.11981201171875
2023-06-27 00:00:00-04:00,138.46560544952948,144.92701310029656,138.27790162209894,7343900,144.7886962890625
2023-06-28 00:00:00-04:00,141.08375250523545,144.16624977080818,140.34276642598041,6645200,142.29896545410156
2023-06-29 00:00:00-04:00,142.95102958578553,143.5042967515589,141.78520370756334,3916500,142.49655151367188
2023-06-30 00:00:00-04:00,143.55370144527419,143.8006967970123,141.7160554253266,6142600,142.80282592773438
2023-07-03 00:00:00-04:00,142.28907921773944,144.15636337894807,141.65677175244656,2533600,143.72164916992188
2023-07-05 00:00:00-04:00,142.51632039425297,143.17826613920252,140.45144283644612,5198400,140.55023193359375
2023-07-06 00:00:00-04:00,138.969474175743,139.63141993724537,137.0923003781955,5793500,138.69284057617188
2023-07-07 00:00:00-04:00,137.94196513714815,140.4119187605774,137.7344974750044,3459400,137.892578125
2023-07-10 00:00:00-04:00,138.10002702533376,140.17479381730362,138.0209867110741,6364400,138.8706512451172
2023-07-11 00:00:00-04:00,138.4952450928911,138.75212994164457,132.39940079785566,7710000,135.90673828125
2023-07-12 00:00:00-04:00,137.5368949212394,138.02099615051515,136.193239637728,5590100,137.22073364257812
2023-07-13 00:00:00-04:00,138.43594004099282,141.93340241429325,138.33715095258586,5410800,140.93553161621094
2023-07-14 00:00:00-04:00,142.83248292812112,143.6426198635369,140.6688011789517,6058400,141.02447509765625
2023-07-17 00:00:00-04:00,141.26159458536705,144.73929378339105,140.12542185886633,6306700,143.75131225585938
2023-07-18 00:00:00-04:00,142.07173497481614,143.40550088190997,140.20445064456442,6493600,142.773193359375
2023-07-19 00:00:00-04:00,142.3187415680288,142.91152143727422,139.48322434246228,5379400,140.07601928710938
2023-07-20 00:00:00-04:00,136.16361524785404,136.52916357250174,131.91529185510626,9883200,132.4290313720703
2023-07-21 00:00:00-04:00,133.59487012698742,135.64987361741117,133.5652318856921,15685200,134.76068115234375
2023-07-24 00:00:00-04:00,135.9462545078659,137.40846284305462,135.20526841514584,5276000,136.68724060058594
2023-07-25 00:00:00-04:00,137.02316382382156,139.70058538683008,136.83544491692535,5038500,138.37669372558594
2023-07-26 00:00:00-04:00,135.97588854912962,138.60390768623444,135.1657365432325,4050400,137.34918212890625
2023-07-27 00:00:00-04:00,142.49657286203222,148.6220553764221,142.47682408558134,8928900,144.3836212158203
2023-07-28 00:00:00-04:00,147.7822567072671,151.43778480011213,146.91282826828143,7802000,150.10400390625
2023-07-31 00:00:00-04:00,150.10400698199217,150.84499303256572,148.71096466421776,4184400,149.76809692382812
2023-08-01 00:00:00-04:00,149.10615366404141,151.02284002533546,148.47384616009495,3088100,150.7956085205078
2023-08-02 00:00:00-04:00,148.8097632967581,148.8097632967581,145.11472226932665,5468300,145.55931091308594
2023-08-03 00:00:00-04:00,144.25513900951523,146.9128110232131,143.6129572177181,4338600,146.03350830078125
2023-08-04 00:00:00-04:00,145.7470241061442,147.27839833069956,143.32647262882776,3982900,143.9093780517578
2023-08-07 00:00:00-04:00,145.2826672383246,148.87891891529915,145.26290338930065,3896100,148.57264709472656
2023-08-08 00:00:00-04:00,146.36942640080463,146.5275070299631,144.14646843273397,3443700,146.23110961914062
2023-08-09 00:00:00-04:00,146.20145873680224,147.1202891233183,143.05968564993464,4796600,143.4153594970703
2023-08-10 00:00:00-04:00,145.00605299457956,146.20150220048362,141.38016259814555,4018300,142.87200927734375
2023-08-11 00:00:00-04:00,140.51070943563323,140.75770477424524,136.8650558256561,5189900,137.1614532470703
2023-08-14 00:00:00-04:00,136.5390234270714,140.23407920800426,136.01539450275357,4850400,140.18467712402344
2023-08-15 00:00:00-04:00,139.57213889604523,140.14516992652355,138.06052853520072,3384900,138.3964385986328
2023-08-16 00:00:00-04:00,138.84105202567446,139.56227436728244,136.50941486372554,4613000,136.5884552001953
2023-08-17 00:00:00-04:00,137.51713184217547,138.10991162988398,134.928625429096,7065700,135.9363555908203
2023-08-18 00:00:00-04:00,135.6794917338194,141.9235265387863,133.9011221428667,11536300,140.9454345703125
2023-08-21 00:00:00-04:00,141.55797140691945,147.42658323635447,141.43941846503978,8121900,146.98199462890625
2023-08-22 00:00:00-04:00,148.94807355899127,149.33338571005189,145.17399237108975,4867300,146.07305908203125
2023-08-23 00:00:00-04:00,145.55817780944966,147.1027845133637,144.6076668773013,5300400,146.5384063720703
2023-08-24 00:00:00-04:00,148.06317996179007,148.46913454740877,140.41943432784285,6771000,141.11251831054688
2023-08-25 00:00:00-04:00,142.17197186084724,143.52845268534747,139.5679547262475,4720600,142.9343719482422
2023-08-28 00:00:00-04:00,143.87497243172427,145.73641111612784,142.61751022844533,3565800,143.98388671875
2023-08-29 00:00:00-04:00,142.4392843670409,149.03351592194102,142.4392843670409,5017200,148.49884033203125
2023-08-30 00:00:00-04:00,147.71664571612965,150.07314636847832,146.71661051083998,4000000,149.45925903320312
2023-08-31 00:00:00-04:00,147.9344960039908,151.8751870395325,147.9344960039908,6593800,151.25140380859375
2023-09-01 00:00:00-04:00,152.97421151778423,153.0138098440766,150.9939628249974,3692700,152.46925354003906
2023-09-05 00:00:00-04:00,152.44944769038995,153.29105943285313,150.81574855278328,4266700,152.09300231933594
2023-09-06 00:00:00-04:00,151.73656754828562,153.72671219597368,150.05335905387238,3109600,151.66725158691406
2023-09-07 00:00:00-04:00,147.74635708792442,148.01369489336565,143.69675211216432,6720300,146.76612854003906
2023-09-08 00:00:00-04:00,146.26116986662117,147.03346564926235,144.73636991046402,4473300,146.0730438232422
2023-09-11 00:00:00-04:00,148.5186723325228,148.5186723325228,142.6175237709463,4145000,145.26116943359375
2023-09-12 00:00:00-04:00,144.58787171596276,144.993826364978,142.3006866618087,4470600,142.5482177734375
2023-09-13 00:00:00-04:00,142.78584995949572,145.65720474840757,142.37989531935102,4625200,143.15219116210938
2023-09-14 00:00:00-04:00,144.9641288858512,145.26116925176456,142.5185202091889,5629800,143.14230346679688
2023-09-15 00:00:00-04:00,139.45904973712808,139.82539098820638,135.35993468016218,13650100,136.8847198486328
2023-09-18 00:00:00-04:00,136.51836871215423,139.58774554822537,136.16192329352847,5607700,138.884765625
2023-09-19 00:00:00-04:00,138.33028540438517,138.66692407160087,135.32029879324665,6365400,136.35003662109375
2023-09-20 00:00:00-04:00,137.38965611386013,138.28077713747945,135.53812832302896,5806900,135.61734008789062
2023-09-21 00:00:00-04:00,133.68658485974342,136.15198465410265,133.60737310416798,5241000,133.8549041748047
2023-09-22 00:00:00-04:00,135.6371503689515,136.94410675325096,134.40939064349465,5301100,134.8252410888672
2023-09-25 00:00:00-04:00,134.5480048052347,135.68664182786435,133.38956106423518,5161300,135.2410888671875
2023-09-26 00:00:00-04:00,134.27077911323946,134.68662957497978,132.22121422169747,5343000,132.75588989257812
2023-09-27 00:00:00-04:00,133.88463509260535,134.72624695452163,131.7855760029705,6296200,133.72621154785156
2023-09-28 00:00:00-04:00,133.34993202427114,138.41937865873635,132.95388835181032,5341600,136.85498046875
2023-09-29 00:00:00-04:00,138.83525773871008,140.16202093454797,136.70649612013588,4447600,137.08273315429688
2023-10-02 00:00:00-04:00,137.48865792817654,140.01347786017934,135.90445303920683,4896900,138.13223266601562
2023-10-03 00:00:00-04:00,137.31044741582613,138.6273147083774,134.09254304843307,6173000,135.36981201171875
2023-10-04 00:00:00-04:00,136.2114206867418,138.23126781112765,135.61734000469338,5543600,137.92433166503906
2023-10-05 00:00:00-04:00,138.07284509251517,138.76592915357648,136.4193391510905,4310400,137.90452575683594
2023-10-06 00:00:00-04:00,136.68667209926733,139.76595948976646,133.81530236562728,5234100,138.904541015625
2023-10-09 00:00:00-04:00,138.0926680128598,139.53824135152115,136.39954843609758,3271500,138.7659454345703
2023-10-10 00:00:00-04:00,139.64715564272154,141.32046849869175,138.96398241477797,3342900,140.00360107421875
2023-10-11 00:00:00-04:00,141.40957302137153,141.52838311390718,139.41941332280373,5136900,140.77587890625
2023-10-12 00:00:00-04:00,141.58779012745825,146.93445587924137,141.3600657442344,8109900,143.5680389404297
2023-10-13 00:00:00-04:00,145.5977935134936,145.64730275425381,139.33030435734892,6600500,139.74615478515625
2023-10-16 00:00:00-04:00,140.36003306950607,141.2511541169956,138.3599926085469,6097400,139.6075439453125
2023-10-17 00:00:00-04:00,137.7560189987938,141.37986298879312,135.45892303231545,5915900,141.31056213378906
2023-10-18 00:00:00-04:00,138.51840466511837,141.0729275619186,136.73619273962532,5357900,140.0531005859375
2023-10-19 00:00:00-04:00,141.4293668942057,141.6372996675692,132.44894636468686,9400300,133.1024169921875
2023-10-20 00:00:00-04:00,133.19154529520685,134.805437875816,132.04299730682357,6148800,132.7954864501953
2023-10-23 00:00:00-04:00,131.88457668870277,134.46880216572904,130.59741185309304,3820100,132.90440368652344
2023-10-24 00:00:00-04:00,133.99354090205503,134.21136948526592,132.19150718787398,5238800,133.56777954101562
2023-10-25 00:00:00-04:00,131.7558634228782,131.94397437130564,128.4686431065304,7118100,128.82508850097656
2023-10-26 00:00:00-04:00,129.81521991735195,133.08263369126394,129.2211391918769,5462700,129.54788208007812
2023-10-27 00:00:00-04:00,129.9736238950227,131.79544902037915,129.27062897929486,4397300,130.00332641601562
2023-10-30 00:00:00-04:00,130.6568313008672,131.64695576777612,128.5379655460061,4604600,129.7360076904297
2023-10-31 00:00:00-04:00,130.49838211978877,131.24097532406515,127.93396388029772,4108100,131.04295349121094
2023-11-01 00:00:00-04:00,131.71624283499344,134.4885940737236,131.46871174418,5127800,133.95391845703125
2023-11-02 00:00:00-04:00,136.44905150910193,138.3995979338809,135.3203102117055,6088400,137.1421356201172
2023-11-03 00:00:00-04:00,138.11246139424384,140.36994387315875,137.69661094898055,5559600,138.36988830566406
2023-11-06 00:00:00-05:00,139.01346002285942,139.39960793538572,137.83522467506847,4823200,138.97386169433594
2023-11-07 00:00:00-05:00,138.61740348041187,140.5184403437429,138.31046736142952,4886800,140.34022521972656
2023-11-08 00:00:00-05:00,140.96400161381533,143.10267387731304,140.21151253211008,4305900,142.80563354492188
2023-11-09 00:00:00-05:00,143.46904532304268,145.75624578925297,141.47890035998407,4979900,141.75613403320312
2023-11-10 00:00:00-05:00,143.75616691268044,149.49889156852606,143.2412979841716,6699400,149.1919403076172
2023-11-13 00:00:00-05:00,147.52853298681256,148.76618846488986,146.09285565386273,4125200,148.26123046875
2023-11-14 00:00:00-05:00,151.518746411994,153.38018524989795,150.63753623815444,6505000,152.55838012695312
2023-11-15 00:00:00-05:00,153.43958858395158,155.22181563135436,152.53857170052848,4383300,153.83563232421875
2023-11-16 00:00:00-05:00,153.86531290990985,156.20200690374105,149.70679379766057,10513800,153.28114318847656
2023-11-17 00:00:00-05:00,140.63725632466682,147.5780377020683,140.53825295431605,18912700,147.12257385253906
2023-11-20 00:00:00-05:00,147.40973184659782,151.48903971545465,147.34041588372887,7087400,151.06329345703125
2023-11-21 00:00:00-05:00,150.0731732947081,150.31079349852163,146.70674102904565,6517900,147.7760772705078
2023-11-22 00:00:00-05:00,149.85978589760958,152.5983953739788,147.8653652600912,5071300,148.32179260253906
2023-11-24 00:00:00-05:00,148.1729714570121,149.49266824221402,148.1729714570121,1992000,149.17514038085938
2023-11-27 00:00:00-05:00,148.3416624137804,150.58414630802827,147.61732274971283,3429700,149.64151000976562
2023-11-28 00:00:00-05:00,148.2027417544735,148.82786528533833,145.37481783353098,5799600,146.91281127929688
2023-11-29 00:00:00-05:00,149.07593004219027,151.63594174621363,147.6967005148102,4975600,148.20274353027344
2023-11-30 00:00:00-05:00,149.24458448667394,149.31403423381897,145.9006859025859,7555600,148.6194610595703
2023-12-01 00:00:00-05:00,148.4011810491782,150.8024286573004,147.47839411613515,4923600,150.4154510498047
2023-12-04 00:00:00-05:00,148.87746016724242,149.49266660674616,144.5314073815699,5859600,147.12118530273438
2023-12-05 00:00:00-05:00,145.39465390983048,146.32737301705242,144.09480648444872,5206300,145.01759338378906
2023-12-06 00:00:00-05:00,147.52800035538698,147.5676989087917,143.56892509501571,4491100,143.57884216308594
2023-12-07 00:00:00-05:00,145.82132166118774,147.38906607905025,143.44984061977405,5753600,147.240234375
2023-12-08 00:00:00-05:00,146.2777608802486,147.65699029870015,144.85884805100872,4987800,146.575439453125
2023-12-11 00:00:00-05:00,148.05389664198395,154.45391767641377,147.98443174902982,6945800,153.9379425048828
2023-12-12 00:00:00-05:00,153.93794546937875,156.95438431525395,153.4418195635034,5705200,156.0018310546875
2023-12-13 00:00:00-05:00,155.81328875423802,157.15283465287044,153.43189064618025,5561700,155.7736053466797
2023-12-14 00:00:00-05:00,156.54756054635257,161.796565565206,156.48802786471325,7401200,160.48680114746094
2023-12-15 00:00:00-05:00,160.9531703275554,162.93767391754008,160.23874782391601,8577200,160.69517517089844
2023-12-18 00:00:00-05:00,159.64340020601645,160.0998427207653,156.50788071321782,4772300,159.1175079345703
2023-12-19 00:00:00-05:00,159.33580956684327,161.46914506412722,158.7801509335356,4958200,161.07225036621094
2023-12-20 00:00:00-05:00,159.56400615343216,160.74478819289436,155.61484831249456,5488700,155.7041473388672
2023-12-21 00:00:00-05:00,159.75254874913193,160.56620253818102,158.34355293106913,4257300,160.1395263671875
2023-12-22 00:00:00-05:00,160.34790802220272,161.73705458201982,159.59378691210605,2770600,160.79441833496094
2023-12-26 00:00:00-05:00,161.04247151343682,163.69178202470144,160.8440241798912,2520500,163.0071258544922
2023-12-27 00:00:00-05:00,163.265097603134,163.71162300669224,162.26292877813322,3319600,162.9376678466797
2023-12-28 00:00:00-05:00,163.72154785789493,163.73146492534497,161.5882125329407,2909700,161.85610961914062
2023-12-29 00:00:00-05:00,161.84620531648034,162.29271563592408,159.4548746436113,2980700,160.81427001953125
2024-01-02 00:00:00-05:00,158.7602868577312,158.86943516056832,152.24118531116642,8607300,153.1739044189453
2024-01-03 00:00:00-05:00,150.53453019720718,151.98320937495342,149.56211251289946,6100100,150.2765350341797
2024-01-04 00:00:00-05:00,148.63931549860314,150.82226632519792,147.59744813074465,6196100,148.15310668945312
2024-01-05 00:00:00-05:00,148.91715379358715,150.34599882566164,146.90288382604243,5398900,147.84552001953125
2024-01-08 00:00:00-05:00,148.6690897689477,151.60614663321,148.5599414647687,6515500,150.38568115234375
2024-01-09 00:00:00-05:00,148.70877127444464,150.51467680398997,147.77605216714636,5606700,149.8597869873047
2024-01-10 00:00:00-05:00,150.59406649045084,150.72304893449237,147.09141869499905,5035700,148.6492462158203
2024-01-11 00:00:00-05:00,149.08584934317915,151.25888344661135,147.32955922470398,5995600,150.77267456054688
2024-01-12 00:00:00-05:00,151.02071537080968,151.21916269539003,149.2048928268069,4083200,150.0780792236328
2024-01-16 00:00:00-05:00,150.12771805513248,153.04494111330948,148.6790235946104,6528000,152.5686492919922
2024-01-17 00:00:00-05:00,151.92367586272465,152.55871641812726,149.0362194499542,6630600,152.18165588378906
2024-01-18 00:00:00-05:00,157.43068042775596,159.494566069983,155.56524212523965,8133700,159.09765625
2024-01-19 00:00:00-05:00,161.31039107861608,166.9761406829528,161.0424788388343,9157600,166.63877868652344
2024-01-22 00:00:00-05:00,166.87690642263783,170.5780166701621,166.3410970933286,7176400,166.99598693847656
2024-01-23 00:00:00-05:00,166.4601666115374,166.6983125085805,163.433810550468,5053600,165.75567626953125
2024-01-24 00:00:00-05:00,170.06203329177671,174.5966312291281,169.34761079337318,9729000,172.7907257080078
2024-01-25 00:00:00-05:00,175.79725124496687,177.0177167311054,171.09397221806478,7234400,171.2924346923828
2024-01-26 00:00:00-05:00,167.76004206555595,168.25616803349254,165.32901271021615,6653700,165.60684204101562
2024-01-29 00:00:00-05:00,165.02139125799135,167.20434214784603,164.79317758774272,5370700,167.17457580566406
2024-01-30 00:00:00-05:00,166.03350093685273,167.8592406747834,164.53520612049027,5255300,164.9519500732422
2024-01-31 00:00:00-05:00,162.72931419499207,165.3290093694686,159.71287503273737,6049400,163.02699279785156
2024-02-01 00:00:00-05:00,164.17800513861874,166.44033824701015,163.55288160005503,4082600,165.67630004882812
2024-02-02 00:00:00-05:00,164.634423638619,167.86915918961333,164.17799627048245,4740800,166.8769073486328
2024-02-05 00:00:00-05:00,167.2936612038384,170.9451405967678,166.97613335720402,5749100,169.7643585205078
2024-02-06 00:00:00-05:00,169.66514850559633,171.37182289103032,166.20218411434305,4550100,167.39288330078125
2024-02-07 00:00:00-05:00,169.169039649577,171.570287540971,167.52189778620786,5103400,169.5758514404297
2024-02-08 00:00:00-05:00,168.6729025566623,173.64407902559262,168.06762830415062,7327900,172.5426788330078
2024-02-09 00:00:00-05:00,177.65276964794617,184.70768110903464,177.22610860770143,9539900,184.40008544921875
2024-02-12 00:00:00-05:00,183.83448939830484,186.75171202032658,183.20936593914007,7085400,184.10238647460938
2024-02-13 00:00:00-05:00,177.21617600618367,180.77835630369407,175.56903439867008,9692500,178.9129180908203
2024-02-14 00:00:00-05:00,181.22487837142322,185.531247792662,181.22487837142322,8437900,184.74737548828125
2024-02-15 00:00:00-05:00,187.53560755364524,188.0019671540448,184.9359124420614,8622900,186.20599365234375
2024-02-16 00:00:00-05:00,200.45471075559445,205.16790675575348,195.77128109787577,15552000,198.02369689941406
2024-02-20 00:00:00-05:00,194.07453619082543,194.34244843034952,184.67790993669186,11216100,187.6745147705078
2024-02-21 00:00:00-05:00,186.77997076666475,189.21510466848446,184.76228709090952,6994400,189.17535400390625
2024-02-22 00:00:00-05:00,197.077125321281,200.3272919834375,195.47689184333564,10225900,198.51832580566406
2024-02-23 00:00:00-05:00,198.11082817568982,200.11856288218812,195.41726177634385,5108100,195.96392822265625
2024-02-26 00:00:00-05:00,198.58790462406378,202.7524881701062,197.92197103827527,6466600,202.31515502929688
2024-02-27 00:00:00-05:00,202.49405071533653,203.1997501142524,199.999283299535,5167100,201.62933349609375
2024-02-28 00:00:00-05:00,197.2858473802005,197.97164869128363,195.29798056655386,6207900,196.3415985107422
2024-02-29 00:00:00-05:00,198.6972480661439,200.7745654249545,196.06331521207372,9449600,200.39686584472656
2024-03-01 00:00:00-05:00,202.53381821733657,210.0976521866872,202.3250855249923,7645100,208.97450256347656
2024-03-04 00:00:00-05:00,210.7138990600793,212.07558308288992,207.77184926798984,7089800,208.21913146972656
2024-03-05 00:00:00-05:00,206.4896831191175,209.48141747245967,203.53769943234792,6100200,206.13186645507812
2024-03-06 00:00:00-05:00,208.67632480396682,212.21472545953617,207.86130726136375,5642400,210.8828582763672
2024-03-07 00:00:00-05:00,211.93642431263478,212.96017454808236,210.22685757327707,6363100,211.3201904296875
2024-03-08 00:00:00-05:00,211.1909754247365,212.30419120290145,204.14399089694615,6932700,204.31295776367188
2024-03-11 00:00:00-04:00,202.0467776143497,202.0467776143497,196.41117713228525,6566600,200.1483612060547
2024-03-12 00:00:00-04:00,202.64316449612895,203.76629902514526,198.13069796508663,7211300,203.6967315673828
2024-03-13 00:00:00-04:00,201.73866007177946,202.64314309069977,198.72704313293045,5050300,199.34327697753906
2024-03-14 00:00:00-04:00,200.7049691711331,201.17211909404264,197.8424512210092,4934900,199.53213500976562
2024-03-15 00:00:00-04:00,198.2301012181362,200.05893523255727,195.8049010325588,9935600,197.44488525390625
2024-03-18 00:00:00-04:00,200.45648653121785,201.93745279916115,198.41893513626607,5062300,199.5122528076172
2024-03-19 00:00:00-04:00,197.97166086041645,200.327293492416,196.1030762537582,4624500,200.11856079101562
2024-03-20 00:00:00-04:00,199.78062681433448,204.6707776507388,197.59397622075514,4278000,203.8159942626953
2024-03-21 00:00:00-04:00,212.07558033909567,213.60624638102013,209.0838460443832,6145200,209.52117919921875
2024-03-22 00:00:00-04:00,207.24505294449116,210.43558591122513,207.16553645056098,3829200,208.97450256347656
2024-03-25 00:00:00-04:00,206.3704069522074,210.02807476621504,206.0921067996729,3137600,207.19537353515625
2024-03-26 00:00:00-04:00,208.51729683368194,209.92869571301196,205.31684500038133,3607400,205.41622924804688
2024-03-27 00:00:00-04:00,206.77792510657702,207.2252073284841,202.66304089507545,3123900,206.73817443847656
2024-03-28 00:00:00-04:00,206.30083044153093,206.39028081473347,201.48026216888746,5750100,204.97889709472656
2024-04-01 00:00:00-04:00,205.67463294869617,210.48528217234076,204.71053149533827,3189700,207.42396545410156
2024-04-02 00:00:00-04:00,205.32678435795754,205.32678435795754,202.1660679398596,4311400,204.85963439941406
2024-04-03 00:00:00-04:00,202.36486558674252,207.88118434933213,202.26546617078424,3375600,206.12193298339844
2024-04-04 00:00:00-04:00,210.32626226933695,211.7475798521643,200.44656114737217,6242800,202.1561279296875
2024-04-05 00:00:00-04:00,203.65696489842628,208.25888178464572,203.65696489842628,3330100,206.58908081054688
2024-04-08 00:00:00-04:00,211.56868380683397,211.7078338891263,206.86738263414796,4435500,207.7718505859375
2024-04-09 00:00:00-04:00,210.06784480964174,210.81329491164013,206.3704110904319,3660100,209.133544921875
2024-04-10 00:00:00-04:00,207.62277414343512,210.3759742636799,206.85744108001532,4645300,207.9805908203125
2024-04-11 00:00:00-04:00,208.18930767113423,212.0358252798086,207.09597480669976,4291600,211.6879425048828
2024-04-12 00:00:00-04:00,206.73814909406354,208.67631620857634,205.65476531803077,5852400,206.5989990234375
2024-04-15 00:00:00-04:00,210.6144876025385,213.15896992117607,203.03078584999662,4492500,204.43222045898438
2024-04-16 00:00:00-04:00,205.0882171647249,209.14346731695224,204.50180008990068,3749200,208.20916748046875
2024-04-17 00:00:00-04:00,204.83973714389845,205.74422020595281,196.89821873701604,6350300,198.67735290527344
2024-04-18 00:00:00-04:00,196.2720279136647,197.21626160177254,192.34599405286679,6219400,193.14114379882812
2024-04-19 00:00:00-04:00,193.081495116637,193.50889436129174,187.0185105299873,6493500,188.61874389648438
2024-04-22 00:00:00-04:00,190.38795570184487,190.6165561491886,185.72640538688756,7149800,188.31063842773438
2024-04-23 00:00:00-04:00,189.0958368040813,193.32005392059824,188.81753665440843,4425900,192.0677032470703
2024-04-24 00:00:00-04:00,196.78888965912432,198.15057363543522,191.5508561195362,4609400,194.87059020996094
2024-04-25 00:00:00-04:00,195.08924938623758,197.24608307577245,192.42551511514318,4238300,196.30184936523438
2024-04-26 00:00:00-04:00,195.8347108421507,202.75249448278498,195.8347108421507,3933500,202.1461944580078
2024-04-29 00:00:00-04:00,202.27540213293562,204.0446025584524,200.5559014159108,2789200,204.01478576660156
2024-04-30 00:00:00-04:00,202.43443570950137,204.58133572619826,197.36538391955904,3898200,197.44488525390625
2024-05-01 00:00:00-04:00,194.8904734061062,199.46255819303386,191.52103960497718,5815500,192.8131561279297
2024-05-02 00:00:00-04:00,195.06936660989268,197.2759000049635,192.1074492790992,3523200,196.70936584472656
2024-05-03 00:00:00-04:00,200.77456557421542,204.02473234267666,198.7369988804407,3818500,202.8518829345703
2024-05-06 00:00:00-04:00,204.0644744981574,207.9109921022206,203.06060717199526,3638500,207.5929412841797
2024-05-07 00:00:00-04:00,207.97063674621447,208.1992371890049,205.962886967277,3200900,206.06228637695312
2024-05-08 00:00:00-04:00,204.66083509009968,206.6984016436824,203.50786867772248,2932300,206.10203552246094
2024-05-09 00:00:00-04:00,206.10204309830488,206.98664327202627,204.47199282876585,2758200,205.0782928466797
2024-05-10 00:00:00-04:00,207.53330603767526,211.28043936624152,207.25500588679074,3502900,208.45765686035156
2024-05-13 00:00:00-04:00,207.13573144483206,207.2053140683121,204.1936968331487,3526900,205.37648010253906
2024-05-14 00:00:00-04:00,204.59125317754646,208.82541928716452,203.46811871694783,3442200,208.547119140625
2024-05-15 00:00:00-04:00,211.21085984596684,216.28986042349987,209.57087570659243,5820900,216.17059326171875
2024-05-16 00:00:00-04:00,216.89616637152844,217.42294990543016,212.6222493515717,7977900,212.73158264160156
2024-05-17 00:00:00-04:00,215.08718037126326,218.02922989031384,208.95461315090964,8031800,210.79339599609375
2024-05-20 00:00:00-04:00,210.86299231300626,220.40476026704235,210.82324164494585,5954500,218.6156768798828
2024-05-21 00:00:00-04:00,216.67749994394234,218.92378416242056,214.50078318304767,3918200,218.46658325195312
2024-05-22 00:00:00-04:00,219.58182067905076,219.7909187433521,215.31006361043242,5047000,217.22189331054688
2024-05-23 00:00:00-04:00,224.0427446329773,224.11245411325453,215.40963269638442,5806600,217.02273559570312
2024-05-24 00:00:00-04:00,219.26315899486622,222.17073407050376,217.70979842510224,3793700,219.95022583007812
2024-05-28 00:00:00-04:00,221.20485810944348,222.2703130940615,218.94452675011306,5509400,220.37840270996094
2024-05-29 00:00:00-04:00,216.66426211942914,219.7112409524561,216.2360988427028,4718800,218.11805725097656
2024-05-30 00:00:00-04:00,217.0426526348963,218.75533614815956,214.58315998017076,4062500,215.6187286376953
2024-05-31 00:00:00-04:00,215.82785607630473,217.58036284039457,208.13074693972456,13548700,214.1649627685547
2024-06-03 00:00:00-04:00,217.4011426216154,217.4210617882615,208.04112469521323,3828100,213.29867553710938
2024-06-04 00:00:00-04:00,212.89040321708828,213.43806631244848,208.1406926538681,4379600,211.31712341308594
2024-06-05 00:00:00-04:00,218.66572796577194,223.76394029894126,217.26172309946872,7887900,222.419677734375
2024-06-06 00:00:00-04:00,220.72691812118035,222.31014992695265,218.08819844489318,3951200,220.80657958984375
2024-06-07 00:00:00-04:00,223.25611145970845,223.59466129261074,219.14367756810685,3627200,220.78665161132812
2024-06-10 00:00:00-04:00,218.7752686608379,227.8564635130444,218.69560719095708,4797900,227.18931579589844
2024-06-11 00:00:00-04:00,226.30309769258673,229.09118829957174,223.68428200754997,4768600,228.99160766601562
2024-06-12 00:00:00-04:00,230.4453776849479,237.38572515330594,229.79814917650606,5573500,236.638916015625
2024-06-13 00:00:00-04:00,230.485232672163,237.34591917174964,230.43544235394492,3682400,236.53936767578125
2024-06-14 00:00:00-04:00,233.0841294766865,237.24633874886766,232.62607982008853,3306500,236.02157592773438
2024-06-17 00:00:00-04:00,235.6630995290602,242.24497827911813,235.2648073831714,4974600,241.82676696777344
2024-06-18 00:00:00-04:00,241.74710148076383,248.35885127214917,241.0600346257374,5256900,246.77561950683594
2024-06-20 00:00:00-04:00,245.94916538895478,246.77563606757505,237.64465065757366,7045000,238.968994140625
2024-06-21 00:00:00-04:00,237.30608570849316,237.465393448439,231.83943719363097,15389100,234.40846252441406
2024-06-24 00:00:00-04:00,232.0087116639848,234.4084620706435,228.45389278019516,5928700,228.86215209960938
2024-06-25 00:00:00-04:00,230.05704634737356,233.55212296958445,227.56768245981428,4779000,233.2733154296875
2024-06-26 00:00:00-04:00,234.0002128094042,235.91204251207174,229.81808438520198,4818700,231.1822509765625
2024-06-27 00:00:00-04:00,236.48956702521397,236.80821289279035,230.81382045538308,4309600,231.54071044921875
2024-06-28 00:00:00-04:00,234.3487311194007,240.2634471721361,232.91485503611744,6387400,234.9860076904297
2024-07-01 00:00:00-04:00,235.8522850440216,237.34590332762542,232.08836818484966,4239600,236.3999481201172
2024-07-02 00:00:00-04:00,234.02013082253708,239.9746851457279,234.02013082253708,3510600,239.8352813720703
2024-07-03 00:00:00-04:00,240.61194810475232,243.67884614567333,238.82957029992397,2768800,242.27484130859375
2024-07-05 00:00:00-04:00,243.64897881779294,243.67884996850827,239.8452235587473,4076200,241.5579071044922
2024-07-08 00:00:00-04:00,242.07570858950382,246.12838519975838,242.07570858950382,3782100,245.24217224121094
2024-07-09 00:00:00-04:00,246.94490804739564,251.0573422249014,246.4271160826895,4889900,250.400146484375
2024-07-10 00:00:00-04:00,251.9236187405721,254.80132271052577,249.593577850133,4258100,253.88523864746094
2024-07-11 00:00:00-04:00,254.48269788894223,254.48269788894223,240.0742585432825,5623800,240.2335662841797
2024-07-12 00:00:00-04:00,240.58207836150558,247.7116200102566,239.51662335023832,5396300,242.3644561767578
2024-07-15 00:00:00-04:00,243.47970860600608,247.7514503734627,242.57357649980057,3674300,244.5053253173828
2024-07-16 00:00:00-04:00,245.90932799069205,246.46694306830165,240.91068106976954,4124800,244.79408264160156
2024-07-17 00:00:00-04:00,230.2562199062845,232.3273725945721,218.8250493847431,10538900,219.1337432861328
2024-07-18 00:00:00-04:00,221.20486928621915,221.38411138719198,212.3427399114268,7715800,216.72401428222656
2024-07-19 00:00:00-04:00,216.5746668317416,217.35134718004224,208.77797700253427,6517100,209.36546325683594
2024-07-22 00:00:00-04:00,215.31006819133498,223.13662926443956,212.4522831633545,7515600,222.51927185058594
2024-07-23 00:00:00-04:00,219.51209934176367,221.00571763875078,217.6898831961749,3635300,218.7154998779297
2024-07-24 00:00:00-04:00,216.44519922140333,216.84350654646383,204.65557588928783,9263400,205.6513214111328
2024-07-25 00:00:00-04:00,206.26869695710377,208.3199456757922,199.47771980024737,9961400,201.45925903320312
2024-07-26 00:00:00-04:00,206.10939048524497,207.4735571168585,201.94716591036698,5209000,205.5915985107422
2024-07-29 00:00:00-04:00,207.4138003995093,211.6257998074237,204.01830443900948,4199200,204.69541931152344
2024-07-30 00:00:00-04:00,207.37396239461114,208.28009448998597,194.50893173536292,7652600,195.90298461914062
2024-07-31 00:00:00-04:00,205.22317172407452,211.96435841392383,203.62997270603842,11123700,211.29721069335938
2024-08-01 00:00:00-04:00,203.2615328008187,208.190469963372,191.50178093331746,11268300,195.46484375
2024-08-02 00:00:00-04:00,187.0707147257111,188.76349434394336,178.86578098141683,12991600,181.0364990234375
2024-08-05 00:00:00-04:00,174.41480157977665,186.37370067254443,170.87990168862143,10079100,181.1161651611328
2024-08-06 00:00:00-04:00,182.5400880295425,187.70799485550944,179.53293210700514,5803900,182.53012084960938
2024-08-07 00:00:00-04:00,189.19165598682466,190.58569369023164,177.18296699046985,6652100,177.7505340576172
2024-08-08 00:00:00-04:00,184.4718163447089,190.01812638799268,180.41913983018668,8637100,189.73931884765625
2024-08-09 00:00:00-04:00,189.20161764464646,192.49754837238936,187.24996476010767,5050800,190.36663818359375
2024-08-12 00:00:00-04:00,190.68527709768642,195.564424324465,189.54017576707665,5568100,192.2685089111328
2024-08-13 00:00:00-04:00,195.60425802819466,200.97132592822223,192.89582892007493,6198900,199.94570922851562
2024-08-14 00:00:00-04:00,201.82767416371803,203.9386499325603,196.8887693986168,5377900,200.77218627929688
2024-08-15 00:00:00-04:00,206.42799803950143,212.09379238927653,204.2572801334578,12073500,210.92877197265625
2024-08-16 00:00:00-04:00,204.0780564659542,208.0012965376111,200.32409132202466,11644600,207.0155029296875
2024-08-19 00:00:00-04:00,206.11933206232217,210.21184694435792,201.6384770174891,5285400,210.04257202148438
2024-08-20 00:00:00-04:00,208.39957106309595,209.69404326462472,203.4806010074797,4860300,205.28289794921875
2024-08-21 00:00:00-04:00,207.1648610843124,209.10656183399672,205.6911619504329,4460500,208.2303009033203
2024-08-22 00:00:00-04:00,208.1405309085905,209.84651049436022,198.97208944553265,6621900,199.7303009033203
2024-08-23 00:00:00-04:00,201.68570580138012,205.34709360106902,199.71034021947435,5296400,202.1945037841797
2024-08-26 00:00:00-04:00,200.19919300169127,200.78780511011524,194.69213957668364,7333900,195.7696075439453
2024-08-27 00:00:00-04:00,194.32301666612838,196.33828171573882,191.3400261592936,6632500,195.31069946289062
2024-08-28 00:00:00-04:00,194.22324795140904,196.17865623318266,190.35236129049463,6412500,192.4374542236328
2024-08-29 00:00:00-04:00,196.20858210413405,197.84473381964963,191.22031282231953,6730300,192.52723693847656
2024-08-30 00:00:00-04:00,197.06656623987985,197.37583650157347,192.09825426711507,7313800,196.7971954345703
2024-09-03 00:00:00-04:00,192.62699871525376,193.61468146360318,182.07181961958955,12163400,182.9397735595703
2024-09-04 00:00:00-04:00,179.56772577642306,183.88756886593154,177.01371907857126,6378100,181.95211791992188
2024-09-05 00:00:00-04:00,178.61994185172807,183.30892721032703,177.4726459925755,6495000,179.817138671875
2024-09-06 00:00:00-04:00,179.0788674197654,180.2860352854459,172.98320174157135,8887900,174.3400115966797
2024-09-09 00:00:00-04:00,176.6844969376608,178.13109192654844,174.16043400052186,7492500,177.13343811035156
2024-09-10 00:00:00-04:00,177.55244905236373,178.09117540943004,173.70150475270268,5367900,177.63226318359375
2024-09-11 00:00:00-04:00,179.81712993468045,185.97265217518583,174.9984601589938,8187100,185.50375366210938
2024-09-12 00:00:00-04:00,183.92746245216225,184.69566017098515,179.62757683975866,8013000,182.78016662597656
2024-09-13 00:00:00-04:00,184.86525598815075,188.35704435999335,184.51607106177082,4851300,188.02781677246094
2024-09-16 00:00:00-04:00,184.56595912079507,187.46913542859096,182.71032238233667,5915800,187.13990783691406
2024-09-17 00:00:00-04:00,189.05540589480069,190.05305975176532,185.543660055848,4026100,188.1475372314453
2024-09-18 00:00:00-04:00,190.312448906691,191.21034653360874,185.31420844191237,4266900,185.7032928466797
2024-09-19 00:00:00-04:00,194.09355347791532,197.86468369486386,192.45740182412277,7326100,196.2484893798828
2024-09-20 00:00:00-04:00,193.89403184777188,195.07125608380412,189.0254761881371,14306900,191.70916748046875
2024-09-23 00:00:00-04:00,193.96386065068708,195.18099957155312,192.2379237440779,4457900,193.58474731445312
2024-09-24 00:00:00-04:00,196.0489580479762,197.38582581371278,193.3054098840014,4849700,196.31832885742188
2024-09-25 00:00:00-04:00,194.8318114000414,199.8200805919651,194.8318114000414,5060100,196.84707641601562
2024-09-26 00:00:00-04:00,210.325392959988,211.65225919054018,202.0249055816477,7849800,209.11822509765625
2024-09-27 00:00:00-04:00,210.58477558646646,210.83418904790256,203.52138453183804,4524800,204.43922424316406
2024-09-30 00:00:00-04:00,200.52841869180108,203.83065041467933,198.22384079326017,5746000,201.57595825195312
2024-10-01 00:00:00-04:00,202.93277228113718,203.581241191243,193.18568995227346,6930100,196.73733520507812
2024-10-02 00:00:00-04:00,197.36586713249667,204.0301876839376,196.27842806659228,5536600,200.67807006835938
2024-10-03 00:00:00-04:00,197.2461405578878,202.65342235623643,197.2461405578878,3813300,199.12171936035156
2024-10-04 00:00:00-04:00,204.13993147039895,204.43923067814097,199.04191954925975,4131100,201.49615478515625
2024-10-07 00:00:00-04:00,198.91222106993345,201.1170274602911,197.76491005717344,3711100,199.66046142578125
2024-10-08 00:00:00-04:00,199.6604662909587,202.07478673789927,198.20388499796695,3616100,200.40870666503906
2024-10-09 00:00:00-04:00,200.92747133961282,205.1076432411635,200.15928886610246,4141600,204.57888793945312
2024-10-10 00:00:00-04:00,200.54838626002928,203.7708040145666,199.48088930650405,3796800,203.4814910888672
2024-10-11 00:00:00-04:00,201.66574063963722,206.74379488141597,201.66574063963722,2604100,204.57888793945312
2024-10-14 00:00:00-04:00,206.4744496481576,213.74733959241647,206.4744496481576,5239300,213.38818359375
2024-10-15 00:00:00-04:00,213.178662539092,215.19392753294593,189.12524337372463,16613200,190.57183837890625
2024-10-16 00:00:00-04:00,192.76667902419084,192.76667902419084,183.46853779129304,10972600,184.15692138671875
2024-10-17 00:00:00-04:00,189.55422336771392,190.3523494580705,182.57064671732445,9727100,182.81008911132812
2024-10-18 00:00:00-04:00,185.84296113243354,186.35175912434227,184.2068093994246,5758600,185.9227752685547
2024-10-21 00:00:00-04:00,185.72324544873393,186.27195811402038,183.66808094146995,4918100,184.02723693847656
2024-10-22 00:00:00-04:00,184.16690038697783,184.84529767432275,182.14166435983051,6753600,182.57064819335938
2024-10-23 00:00:00-04:00,181.5231066924892,183.30891552749978,179.36817082115317,6015200,182.27134704589844
2024-10-24 00:00:00-04:00,186.44155482883966,187.35939453654626,182.80010917243885,6122100,183.3188934326172
2024-10-25 00:00:00-04:00,186.05246906374364,188.75610243018386,185.7332125296901,4794700,186.0823974609375
2024-10-28 00:00:00-04:00,186.08240612135197,187.19977359656377,183.9773558238075,4101000,184.90516662597656
2024-10-29 00:00:00-04:00,184.90516588181003,191.08064581518823,184.21678227110533,6007400,189.6739501953125
2024-10-30 00:00:00-04:00,186.5612734245671,187.7484839638564,184.2666664822338,5851300,184.86526489257812
2024-10-31 00:00:00-04:00,184.77548012183135,184.77548012183135,178.8593847516212,7307500,181.15399169921875
2024-11-01 00:00:00-04:00,181.40340155276957,185.03486096146355,180.7948320947444,6318900,182.94976806640625
2024-11-04 00:00:00-05:00,182.77018459603514,183.42863979891308,180.0366227550405,3857600,181.3934326171875
2024-11-05 00:00:00-05:00,182.86994862174592,186.3118512631337,182.6704209019388,4053000,186.04248046875
2024-11-06 00:00:00-05:00,188.51667153636367,188.93568431180685,184.31654227808215,6393300,187.08004760742188
2024-11-07 00:00:00-05:00,190.51198215826503,193.87407069547936,190.51198215826503,5274700,193.63462829589844
2024-11-08 00:00:00-05:00,191.83885229439923,193.64461855186735,190.82125632701812,4767300,191.5794677734375
2024-11-11 00:00:00-05:00,191.8588012650475,192.74671254471224,186.0225356255621,5475200,188.1175994873047
2024-11-12 00:00:00-05:00,188.26725928941514,189.30481256530734,184.0372016074162,5478400,186.17218017578125
2024-11-13 00:00:00-05:00,183.6381559840266,185.04483637758216,182.09178943397234,8634600,182.36114501953125
2024-11-14 00:00:00-05:00,186.34178266750138,187.17980823801048,184.65574524538863,11747400,185.56361389160156
2024-11-15 00:00:00-05:00,167.94503832622192,173.6616056046064,166.9374134607718,16287500,168.48377990722656
2024-11-18 00:00:00-05:00,167.2865899739815,171.26723430892892,166.45855067613294,8331100,170.32943725585938
2024-11-19 00:00:00-05:00,167.9450400815559,169.5612496184732,167.09704346998402,8651100,168.9127655029297
2024-11-20 00:00:00-05:00,168.91277212921258,170.12991105285275,166.66805095048122,6197300,170.0900115966797
2024-11-21 00:00:00-05:00,171.22000122070312,177.07000732421875,171.0500030517578,8917400,175.75
2024-11-22 00:00:00-05:00,175.1199951171875,176.0800018310547,173.3800048828125,4242600,174.8800048828125
2024-11-25 00:00:00-05:00,176.7100067138672,177.19000244140625,171.92999267578125,8926500,174.5500030517578
2024-11-26 00:00:00-05:00,175.33999633789062,175.49000549316406,170.92999267578125,6517100,173.1999969482422
2024-11-27 00:00:00-05:00,173.1999969482422,173.33999633789062,168.75999450683594,4348700,171.32000732421875
2024-11-29 00:00:00-05:00,176.3800048828125,178.42999267578125,174.25999450683594,5944400,174.7100067138672
2024-12-02 00:00:00-05:00,175.47999572753906,184.27000427246094,174.7100067138672,9100600,183.27000427246094
2024-12-03 00:00:00-05:00,181.2100067138672,183.25999450683594,180.8000030517578,5939900,183.16000366210938
2024-12-04 00:00:00-05:00,185.33999633789062,185.6999969482422,180.4499969482422,5819800,181.16000366210938
2024-12-05 00:00:00-05:00,176.5399932861328,179.4199981689453,170.5500030517578,8663800,172.02999877929688
2024-12-06 00:00:00-05:00,172.16000366210938,173.32000732421875,171.35000610351562,6058500,173.02000427246094
2024-12-09 00:00:00-05:00,171.97000122070312,174.5,170.2100067138672,7647100,171.86000061035156
2024-12-10 00:00:00-05:00,173.5,173.8800048828125,167.44000244140625,8230900,168.1699981689453
2024-12-11 00:00:00-05:00,169.72999572753906,173.1999969482422,169.49000549316406,6698600,171.1300048828125
2024-12-12 00:00:00-05:00,169.6999969482422,170.11000061035156,166.80999755859375,6108500,169.0800018310547
2024-12-13 00:00:00-05:00,169.10000610351562,171.52999877929688,167.77000427246094,7051700,169.35000610351562
2024-12-16 00:00:00-05:00,170.0399932861328,171.74000549316406,168.85000610351562,6643000,169.41000366210938
2024-12-17 00:00:00-05:00,169.0,170.75,168.3699951171875,6817600,170.33999633789062
2024-12-18 00:00:00-05:00,170.94000244140625,174.42999267578125,164.5500030517578,9000700,165.4499969482422
2024-12-19 00:00:00-05:00,162.7899932861328,165.24000549316406,161.02999877929688,9252600,161.44000244140625
2024-12-20 00:00:00-05:00,159.97999572753906,164.72999572753906,158.9600067138672,15336700,163.58999633789062
2024-12-23 00:00:00-05:00,164.77000427246094,167.69000244140625,164.1699981689453,5040200,167.4600067138672
2024-12-24 00:00:00-05:00,167.42999267578125,168.72000122070312,166.89999389648438,2595800,168.3699951171875
2024-12-26 00:00:00-05:00,167.35000610351562,168.85000610351562,166.75,2793700,167.5500030517578
2024-12-27 00:00:00-05:00,166.14999389648438,167.1999969482422,164.6300048828125,3599600,166.8300018310547
2024-12-30 00:00:00-05:00,164.0,164.97000122070312,161.97000122070312,4763100,163.63999938964844
2024-12-31 00:00:00-05:00,164.42999267578125,165.17999267578125,161.97000122070312,3565500,162.6300048828125
2025-01-02 00:00:00-05:00,164.47000122070312,166.7100067138672,162.8300018310547,4164600,163.8699951171875
2025-01-03 00:00:00-05:00,165.3800048828125,170.4199981689453,164.77000427246094,5719800,170.05999755859375
2025-01-06 00:00:00-05:00,174.97999572753906,180.3800048828125,174.86000061035156,8475500,177.47999572753906
2025-01-07 00:00:00-05:00,180.07000732421875,181.83999633789062,176.39999389648438,7332100,177.82000732421875
2025-01-08 00:00:00-05:00,177.75,178.1699981689453,174.83999633789062,4581700,176.99000549316406
2025-01-10 00:00:00-05:00,174.72000122070312,174.72000122070312,169.50999450683594,6325300,171.64999389648438
2025-01-13 00:00:00-05:00,169.10000610351562,171.61000061035156,167.72999572753906,5465800,170.86000061035156
2025-01-14 00:00:00-05:00,171.86000061035156,173.6999969482422,170.32000732421875,3842100,173.64999389648438
2025-01-15 00:00:00-05:00,176.75,179.50999450683594,175.8800048828125,5908600,178.3800048828125
2025-01-16 00:00:00-05:00,185.8000030517578,191.7100067138672,183.00999450683594,10825400,186.47999572753906
2025-01-17 00:00:00-05:00,193.0,193.16000366210938,188.7899932861328,8115100,192.0500030517578
2025-01-21 00:00:00-05:00,194.74000549316406,195.22000122070312,190.82000732421875,7959100,192.8699951171875
2025-01-22 00:00:00-05:00,196.8300018310547,200.5500030517578,195.3300018310547,7288600,195.50999450683594
2025-01-23 00:00:00-05:00,190.1300048828125,191.1999969482422,187.7899932861328,6307300,190.6999969482422
2025-01-24 00:00:00-05:00,190.88999938964844,191.27999877929688,185.61000061035156,6088400,186.75
2025-01-27 00:00:00-05:00,179.5500030517578,179.55999755859375,170.4199981689453,12150200,174.57000732421875
2025-01-28 00:00:00-05:00,173.75,174.8300018310547,170.0,7360500,172.85000610351562
2025-01-29 00:00:00-05:00,180.0,180.2100067138672,173.77999877929688,5679900,175.27999877929688
2025-01-30 00:00:00-05:00,179.39999389648438,183.27000427246094,177.4600067138672,6013800,181.72000122070312
2025-01-31 00:00:00-05:00,182.58999633789062,186.44000244140625,180.05999755859375,5902800,180.35000610351562
2025-02-03 00:00:00-05:00,175.32000732421875,180.25,174.24000549316406,5321300,178.8000030517578
2025-02-04 00:00:00-05:00,175.47000122070312,179.3000030517578,175.4499969482422,4687100,178.55999755859375
2025-02-05 00:00:00-05:00,176.72999572753906,181.00999450683594,175.27999877929688,3958500,180.6699981689453
